tenure_months,monthly_charges,total_charges,contract_type,payment_method,support_tickets,churn
52,107.73,4399.61,month-to-month,bank_transfer,1,0
15,45.79,3701.85,one-year,bank_transfer,4,0
61,86.0,4037.06,two-year,mailed_check,0,0
21,101.72,1481.97,two-year,bank_transfer,6,0
24,75.52,969.45,two-year,bank_transfer,0,1
3,72.97,3778.01,two-year,mailed_check,3,0
22,44.19,4053.49,two-year,bank_transfer,8,0
53,29.31,4953.48,month-to-month,electronic_check,0,0
2,109.72,2121.83,two-year,electronic_check,3,1
30,110.04,1922.89,two-year,mailed_check,5,1
38,83.31,3904.42,two-year,mailed_check,5,1
2,53.9,1769.94,two-year,mailed_check,7,0
64,54.92,4660.71,one-year,electronic_check,0,0
60,92.6,4306.22,month-to-month,bank_transfer,6,0
21,109.71,2202.07,two-year,electronic_check,0,1
33,108.71,3779.27,two-year,mailed_check,6,1
58,97.99,3797.26,two-year,bank_transfer,2,0
22,84.2,605.31,month-to-month,bank_transfer,7,1
49,28.41,4522.51,one-year,electronic_check,2,1
59,36.16,2575.74,month-to-month,mailed_check,0,0
42,109.86,4149.64,one-year,electronic_check,7,1
60,80.64,1668.24,two-year,bank_transfer,2,1
15,20.92,4488.06,two-year,electronic_check,1,0
62,30.15,2007.09,month-to-month,electronic_check,0,0
62,86.35,153.1,month-to-month,mailed_check,2,0
47,20.51,4536.37,one-year,mailed_check,1,0
62,36.08,547.3,one-year,bank_transfer,1,0
51,74.87,1664.64,month-to-month,electronic_check,5,0
55,89.19,4755.3,one-year,electronic_check,0,1
64,85.2,4757.98,month-to-month,electronic_check,1,0
3,42.43,2909.85,one-year,bank_transfer,5,0
51,91.22,3196.0,month-to-month,bank_transfer,2,0
7,43.72,2297.38,month-to-month,mailed_check,3,0
21,52.54,1536.73,month-to-month,mailed_check,0,1
39,94.65,1710.46,one-year,mailed_check,7,0
18,84.96,3395.34,one-year,electronic_check,6,0
4,104.92,3786.64,one-year,electronic_check,6,0
60,85.76,3978.74,month-to-month,mailed_check,2,1
14,76.83,3969.13,one-year,electronic_check,9,1
9,29.37,546.91,one-year,mailed_check,9,0
53,56.77,2522.66,month-to-month,bank_transfer,2,0
2,46.52,382.04,two-year,mailed_check,1,0
60,44.4,2792.69,month-to-month,bank_transfer,0,0
71,117.3,2263.5,one-year,electronic_check,6,0
44,59.31,4449.75,month-to-month,mailed_check,6,0
8,109.2,1819.48,two-year,electronic_check,1,0
47,83.11,673.63,month-to-month,bank_transfer,6,0
35,99.48,800.66,one-year,bank_transfer,7,1
36,70.26,3831.4,two-year,bank_transfer,0,0
50,77.69,3129.27,one-year,electronic_check,8,0
4,69.25,595.5,two-year,electronic_check,6,0
2,39.52,512.12,two-year,electronic_check,2,0
6,92.25,3534.75,month-to-month,electronic_check,7,1
54,48.08,456.54,month-to-month,bank_transfer,6,0
4,22.43,4127.11,one-year,bank_transfer,7,0
54,84.55,3560.59,month-to-month,mailed_check,5,1
63,37.71,498.61,month-to-month,mailed_check,8,0
18,114.05,515.7,two-year,electronic_check,4,0
44,115.39,4934.53,month-to-month,bank_transfer,2,1
34,111.49,1933.93,two-year,bank_transfer,2,0
62,57.02,1916.15,two-year,bank_transfer,0,0
14,21.55,4082.72,two-year,mailed_check,7,1
48,112.83,4741.52,one-year,mailed_check,1,0
15,62.82,4931.41,one-year,bank_transfer,2,0
62,116.67,3791.55,one-year,bank_transfer,7,0
40,116.36,1943.67,two-year,bank_transfer,7,1
53,105.3,509.15,one-year,mailed_check,3,0
24,49.44,3908.02,one-year,bank_transfer,3,0
26,58.51,2836.18,month-to-month,bank_transfer,4,0
60,105.11,2178.69,one-year,electronic_check,5,0
41,51.69,4541.14,one-year,electronic_check,4,0
29,36.95,644.87,two-year,mailed_check,6,0
15,75.68,2513.86,two-year,bank_transfer,1,0
45,113.62,155.63,two-year,bank_transfer,6,0
65,89.6,2396.44,two-year,electronic_check,9,0
71,77.01,375.89,two-year,mailed_check,6,0
9,29.72,682.21,two-year,electronic_check,0,0
1,81.5,675.88,one-year,electronic_check,6,0
8,119.01,3281.13,two-year,electronic_check,4,1
63,34.01,3755.62,two-year,electronic_check,2,0
11,71.83,2958.51,month-to-month,bank_transfer,2,0
8,107.74,4814.65,one-year,bank_transfer,3,0
35,94.08,1936.87,one-year,electronic_check,1,1
35,89.7,1499.99,one-year,mailed_check,1,1
33,90.25,4356.14,two-year,mailed_check,0,0
5,55.95,1195.62,two-year,mailed_check,4,0
41,49.36,4819.79,two-year,mailed_check,3,1
28,100.94,159.56,month-to-month,electronic_check,9,0
7,101.01,4852.41,two-year,bank_transfer,1,0
12,106.71,311.48,month-to-month,mailed_check,2,0
34,111.32,4466.6,one-year,electronic_check,6,0
33,71.13,2685.74,two-year,mailed_check,6,1
48,70.15,4965.53,month-to-month,mailed_check,3,1
23,99.83,461.6,month-to-month,electronic_check,4,0
62,85.0,2813.89,two-year,bank_transfer,4,0
37,90.2,4849.58,one-year,bank_transfer,5,1
44,99.58,2663.18,one-year,electronic_check,8,1
35,109.0,3184.05,one-year,bank_transfer,1,0
65,53.8,3509.17,month-to-month,electronic_check,4,1
47,57.56,2327.25,month-to-month,electronic_check,2,1
3,29.4,3175.03,month-to-month,electronic_check,3,1
1,77.83,2963.14,month-to-month,bank_transfer,9,0
5,23.59,4515.67,one-year,electronic_check,5,0
14,66.56,322.69,two-year,mailed_check,7,1
27,74.26,1476.72,month-to-month,bank_transfer,0,0
9,48.65,4757.02,month-to-month,bank_transfer,9,1
15,79.08,4462.29,one-year,bank_transfer,7,0
42,23.05,2332.72,two-year,bank_transfer,6,0
51,23.73,3138.65,two-year,mailed_check,0,0
63,102.26,1459.17,one-year,bank_transfer,1,0
52,56.02,1021.79,one-year,bank_transfer,2,1
4,32.71,2372.12,two-year,electronic_check,0,1
23,72.22,1831.43,month-to-month,bank_transfer,8,1
15,97.0,2959.91,two-year,mailed_check,7,0
43,41.58,480.9,one-year,mailed_check,1,0
29,82.29,4874.53,month-to-month,mailed_check,8,0
36,28.53,4932.43,month-to-month,mailed_check,6,0
13,25.17,3520.99,one-year,bank_transfer,8,0
32,73.14,2726.87,one-year,bank_transfer,5,0
71,74.06,1616.69,one-year,mailed_check,5,0
59,83.74,4087.6,two-year,mailed_check,3,0
28,92.61,3455.18,two-year,bank_transfer,9,1
66,117.59,896.82,month-to-month,mailed_check,9,1
42,71.63,4563.54,one-year,electronic_check,1,0
45,52.3,4130.43,month-to-month,mailed_check,6,0
62,99.52,4754.02,month-to-month,mailed_check,4,1
57,47.08,3656.03,month-to-month,electronic_check,5,0
6,63.9,3105.73,month-to-month,electronic_check,1,1
28,27.85,2149.39,one-year,bank_transfer,4,1
28,22.54,4670.37,month-to-month,bank_transfer,9,0
44,116.26,4343.71,one-year,electronic_check,3,0
30,103.6,321.57,one-year,electronic_check,8,0
62,89.6,229.2,two-year,bank_transfer,5,0
62,60.9,1944.67,one-year,mailed_check,1,0
1,37.33,4071.71,two-year,electronic_check,0,1
27,35.64,4937.65,one-year,bank_transfer,4,0
62,45.02,837.04,one-year,mailed_check,8,0
3,74.92,3011.24,one-year,electronic_check,5,1
70,91.46,1966.37,two-year,mailed_check,9,1
27,86.02,4852.58,two-year,bank_transfer,6,0
9,47.99,4226.38,month-to-month,electronic_check,4,0
62,115.49,4207.81,two-year,mailed_check,9,0
37,93.79,2396.6,two-year,electronic_check,5,0
51,75.44,2132.62,two-year,mailed_check,4,0
44,81.17,1439.69,two-year,bank_transfer,8,0
24,61.96,376.24,month-to-month,bank_transfer,5,1
59,44.77,4337.14,two-year,electronic_check,7,0
32,55.6,4083.21,one-year,mailed_check,1,1
52,95.78,4998.62,one-year,electronic_check,8,1
62,21.44,4983.52,two-year,electronic_check,4,0
58,31.61,2821.62,two-year,mailed_check,6,1
52,24.6,3868.04,one-year,mailed_check,9,0
12,24.07,4729.35,one-year,mailed_check,0,1
39,105.55,4263.27,month-to-month,bank_transfer,9,0
2,90.37,1312.01,one-year,electronic_check,4,0
3,67.42,2307.67,one-year,electronic_check,9,0
56,29.78,732.88,two-year,bank_transfer,1,1
59,69.16,4774.85,one-year,mailed_check,5,1
2,67.35,3070.26,month-to-month,bank_transfer,0,0
2,37.32,1220.35,one-year,bank_transfer,2,1
54,63.39,3391.33,two-year,bank_transfer,4,0
1,59.85,3128.83,two-year,electronic_check,3,0
19,81.59,1855.0,one-year,bank_transfer,2,0
2,83.51,656.43,two-year,electronic_check,9,0
53,24.53,3390.71,month-to-month,electronic_check,4,0
44,57.46,2649.51,month-to-month,electronic_check,7,1
32,82.59,3884.36,one-year,mailed_check,3,0
70,70.31,2648.8,one-year,electronic_check,0,0
32,105.65,4275.69,one-year,electronic_check,6,0
68,85.87,2804.34,two-year,mailed_check,7,1
55,36.29,2848.6,month-to-month,electronic_check,2,1
56,27.06,4395.6,month-to-month,bank_transfer,5,0
17,84.24,2077.07,two-year,bank_transfer,1,1
38,22.65,756.67,month-to-month,electronic_check,6,0
24,78.58,241.04,one-year,mailed_check,7,1
69,114.02,3800.17,one-year,bank_transfer,5,0
70,77.55,3139.52,one-year,mailed_check,5,1
11,58.82,3549.99,month-to-month,mailed_check,4,0
16,84.33,1143.52,one-year,bank_transfer,7,0
59,65.83,768.22,two-year,mailed_check,0,1
70,74.56,171.27,two-year,bank_transfer,9,0
3,114.15,1817.88,month-to-month,mailed_check,3,0
20,58.61,2990.6,two-year,bank_transfer,3,0
59,116.12,2022.0,two-year,electronic_check,2,0
36,110.54,2243.63,month-to-month,bank_transfer,2,0
19,39.58,4530.38,one-year,bank_transfer,3,0
67,26.94,1806.45,one-year,bank_transfer,0,0
19,30.08,2618.55,one-year,bank_transfer,1,0
20,21.82,3939.9,month-to-month,mailed_check,8,1
71,29.44,2043.06,two-year,electronic_check,9,0
52,88.3,3148.22,one-year,bank_transfer,1,0
33,27.12,4325.58,one-year,mailed_check,4,0
40,51.9,4752.65,month-to-month,electronic_check,8,0
39,104.49,820.66,one-year,electronic_check,8,1
1,22.33,4640.28,month-to-month,electronic_check,7,0
11,101.45,2511.37,two-year,electronic_check,0,0
57,48.19,1365.4,month-to-month,bank_transfer,0,1
50,31.82,2349.77,month-to-month,bank_transfer,8,1
23,89.67,4902.16,month-to-month,mailed_check,7,0
31,82.89,2513.83,month-to-month,mailed_check,9,1
